"SUMMONS_NUMBER","PLATE","STATE","WS_TYPE","ISSUE_DATE","VIOLATION_DESCRIPTION","VIOLATION_CODE","FINE_AMOUNT","VIOLATION_COUNTY","FRONT_OF_OPPOSITE","HOUSE_NUMBER","STREET_NAME","INTERSECT_STREET_NAME","STREET_CODE1","STREET_CODE2","STREET_CODE3"
"1262656760","BXJ5493   ","NY","PAS","20100301","                                                                                 ","21","045","K    ","F","245         ","61 ST               ","                    ","09630","05130","05280"
"7641068984","EPE8649   ","NY","PAS","20100330","46A-Double Parking (Non-COM)                                                     ","46","115","K    ","F","7705        ","18th Ave            ","                    ","06880","10430","10480"
"7120760890","BXJ6152   ","NY","PAS","20100305","46A-Double Parking (Non-COM)                                                     ","46","115","Q    ","F","9-45        ","44th Rd             ","                    ","10040","05540","05640"
"1289548079","BXJ6410   ","NY","PAS","20100302","                                                                                 ","21","045","K    ","F","945         ","E 19 ST             ","                    ","35680","14030","14080"
"7232671933","EPE8758   ","NY","PAS","20100330","38-Failure to Display Muni Rec                                                   ","38","035","K    ","F","1912        ","86th St             ","                    ","10880","06980","16480"
"7252308364","BXJ6797   ","NY","PAS","20100306","19-No Stand (bus stop)                                                 Y015001003","19","115","K    ","F","8410        ","5th Ave             ","                    ","05580","10780","10830"
"7730086438","BXJ7465   ","NY","PAS","20100305","14-No Standing                                                         Y015001003","14","115","K    ","O","139         ","Lawrence St         ","                    ","54650","93250","42730"
"7455802936","EPE9473   ","NY","PAS","20100330","34-Expired Meter                                                                 ","34","035","Q    ","O","103-54      ","94th St             ","                    ","18740","60810","53790"
"1290965419","DBP1276   ","NY","PAS","20100327","                                                                                 ","46","115","Q    ","I","            ","                    ","87 DR               ","00000","17640","00000"
"7937029225","BXJ8081   ","NY","PAS","20100306","14-No Standing                                                         Y015001003","14","115","NY   ","O","237A        ","Grand St            ","                    ","21690","13460","15310"
"7230735725","BXJ8651   ","NY","PAS","20100307","40-Fire Hydrant                                                                  ","40","115","K    ","I","N           ","46th St             ","20ft E/of 16th Ave  ","08880","00000","00000"
"7298007038","EPF1130   ","NY","PAS","20100330","34-Expired Meter                                                                 ","34","035","NY   ","F","2893        ","Broadway            ","                    ","13610","36010","36030"
"7654284779","BXJ8680   ","NY","PAS","20100306","34-Expired Meter                                                       Y015001003","34","035","K    ","F","645         ","5th Ave             ","                    ","05580","06930","07030"
"7313469743","EPF2144   ","NY","PAS","20100330","32A Overtime PKG-Broken Meter                                                    ","32","035","NY   ","F","2           ","Bennett Ave         ","                    ","13110","37370","37430"
"7734461920","BXJ9179   ","NY","PAS","20100305","83-Improper Registration                                                         ","83","065","K    ","O","6324        ","5th Ave             ","                    ","05580","09730","09780"
"7691723234","BXK1225   ","NY","PAS","20100306","71A-Insp Sticker Expired (NYS)                                                   ","71","065","K    ","O","2237        ","New York Ave        ","                    ","64830","54050","14280"
"7243481735","EPF2818   ","NY","PAS","20100330","34-Expired Meter                                                                 ","34","035","K    ","F","1909        ","Kings Hwy           ","                    ","54050","35680","67530"
"7124611659","EPF3070   ","NY","PAS","20100330","34-Expired Meter                                                                 ","34","035","Q    ","F","80-04       ","Baxter Ave          ","                    ","29490","37290","53290"
"7767271377","EPF3682   ","NY","PAS","20100330","34-Expired Meter                                                                 ","34","035","R    ","I","W           ","Llewellyn Pl        ","25ft S/of Forest Ave","00000","00000","00000"
"7204590600","BXK2313   ","NY","PAS","20100305","46A-Double Parking (Non-COM)                                           Y015001003","46","115","K    ","O","1302        ","83rd St             ","                    ","10730","06380","06480"
"7521051695","BXK2398   ","NY","PAS","20100305","71A-Insp Sticker Expired (NYS)                                                   ","71","065","K    ","O","135         ","21st St             ","                    ","07330","05280","05430"
"7222732676","BXK3451   ","NY","PAS","20100306","20-No Parking                                                          Y015001003","20","060","K    ","O","1000        ","Nostrand Ave        ","                    ","67030","83030","39430"
"7222732688","BXK3451   ","NY","PAS","20100306","74B-Covered Plate                                                      Y015001003","74","065","K    ","O","1000        ","Nostrand Ave        ","                    ","67030","83030","39430"
"7529095298","BXK3504   ","NY","PAS","20100305","71A-Insp Sticker Expired (NYS)                                                   ","71","065","K    ","O","162         ","13th St             ","                    ","06430","05280","05430"
"7415034089","EPF4743   ","NY","PAS","20100330","20-No Parking                                                                    ","20","060","BX   ","F","368         ","E Gun Hill Rd       ","                    ","29320","23920","73720"
"7628101409","BXK4406   ","NY","PAS","20100306","21-No Parking (street clean)                                           Y015001003","21","045","K    ","F","1114        ","Cortelyou Rd        ","                    ","29630","35280","35330"
"7320144463","BXL1021   ","NY","PAS","20100305","16A-No Std (Com Veh) Non-COM                                           Y015001003","16","095","NY   ","O","673         ","E 61st St           ","                    ","18210","40404","40404"
"7192209855","BXL7206   ","NY","PAS","20100305","71A-Insp Sticker Expired (NYS)                                         Y015001003","71","065","NY   ","O","48          ","E 7th St            ","                    ","17130","10110","10010"
"1291594413","EPF5031   ","NY","PAS","20100325","                                                                                 ","21","045","K    ","F","8405        ","5 AVE               ","                    ","05580","10780","10830"
"7949806552","BXL7525   ","NY","PAS","20100306","16A-No Std (Com Veh) Non-COM                                           Y015001003","16","095","NY   ","F","126         ","Bowery              ","                    ","13460","21690","13810"
"7773387412","BXMAIN1   ","NY","SRF","20100306","19-No Stand (bus stop)                                                 Y015001003","19","115","BX   ","F","253         ","E 149th St          ","                    ","26130","56820","52120"
"7843790986","BXM1221   ","NY","PAS","20100306","72A-Insp Stkr Counterfeit                                                        ","72","065","NY   ","F","320         ","Park Ave            ","                    ","27790","17990","18010"
"7853094784","BXM1619   ","NY","PAS","20100305","14-No Standing                                                                   ","14","115","BX   ","F","260         ","Other-See Comments  ","EAST 161 STREET     ","00000","00000","00000"
"7810933656","BXM1865   ","NY","PAS","20100306","34-Expired Meter                                                       Y015001003","34","035","NY   ","O","1161        ","Amsterdam Ave       ","                    ","11710","36090","36130"
"1290957381","DBR8937   ","NY","PAS","20100327","                                                                                 ","46","115","Q    ","F","167-13      ","HILLSIDE AVE        ","                    ","49690","24390","24490"
"7864580579","BXM2009   ","NY","PAS","20100306","38-Failure to Display Muni Rec                                                   ","38","065","NY   ","I","S           ","E 55th St           ","45ft W/of Park Ave  ","18090","00000","00000"
"7224993244","BXM3040   ","NY","PAS","20100305","19-No Stand (bus stop)                                                           ","19","115","K    ","F","2655        ","Nostrand Ave        ","                    ","67030","14180","14230"
"1291375650","DBT4527   ","NY","PAS","20100328","                                                                                 ","46","115","Q    ","F","103-35      ","120 ST              ","                    ","21340","19590","53790"
"7950197900","BXM3749   ","NY","PAS","20100305","38-Failure to Display Muni Rec                                                   ","38","065","NY   ","F","119         ","Essex St            ","                    ","20390","16310","29890"
"7272671452","BXM5356   ","NY","PAS","20100306","37-Expired Muni Meter                                                            ","37","065","NY   ","F","4           ","E 12th St           ","                    ","17230","10410","32645"
"7190152775","BXM6269   ","NY","PAS","20100305","20-No Parking                                                                    ","20","065","NY   ","F","261         ","Broome St           ","                    ","13810","27590","11610"
"7235859398","BXM7573   ","NY","PAS","20100307","20-No Parking                                                                    ","20","060","K    ","I","S           ","Cary Ct             ","40ft E/of Coney Isla","24850","00000","00000"
"7945363155","EPF5307   ","NY","PAS","20100330","38-Failure to Display Muni Rec                                                   ","38","065","NY   ","F","45          ","Allen St            ","                    ","11610","22890","21690"
"7195467168","BXM9355   ","NY","PAS","20100305","20-No Parking                                                          Y015001003","20","060","K    ","F","2683        ","E 14th St           ","                    ","35430","76330","77030"
"7519431502","BXM9489   ","NY","OMS","20100305","14-No Standing                                                                   ","14","115","K    ","F","459         ","De Kalb Ave         ","                    ","31530","84030","54000"
"7284650254","EPF5696   ","NY","PAS","20100330","14-No Standing                                                                   ","14","115","NY   ","F","581         ","W 207th St          ","                    ","37690","32690","13610"
"7163797527","BXN1568   ","NY","PAS","20100305","70A-Reg. Sticker Expired (NYS)                                                   ","70","065","R    ","I","W           ","Mundy Ave           ","30ft N/of Egbert Ave","00000","00000","00000"
"7570171883","BXN1589   ","NY","PAS","20100305","46A-Double Parking (Non-COM)                                           Y015001003","46","115","BX   ","F","2442        ","Eastchester Rd      ","                    ","29820","72920","48020"
"1285286560","BXN4830   ","NY","PAS","20100301","                                                                                 ","98","095","Q    ","F","74-36       ","44 AVE              ","                    ","09940","15640","15990"
"7968102534","BXN528    ","TX","PAS","20100306","50-Crosswalk                                                                     ","50","115","BX   ","I","W           ","Yates Ave           ","0ft N/of Boston Rd  ","00000","00000","00000"
"7529408197","BXN5515   ","NY","PAS","20100305","16A-No Std (Com Veh) Non-COM                                                     ","16","095","K    ","O","202         ","N 10th St           ","                    ","66630","34130","73650"
"7954941917","EPF5759   ","NY","PAS","20100330","46A-Double Parking (Non-COM)                                                     ","46","115","K    ","O","841         ","Bay Ridge Ave       ","                    ","17380","05880","05980"
"7470693051","BXN5937   ","NY","PAS","20100305","21-No Parking (street clean)                                                     ","21","045","Q    ","O","13809       ","78th Ave            ","                    ","16190","22590","22740"
"1294467475","EPF6046   ","NY","PAS","20100325","                                                                                 ","21","045","K    ","F","7116        ","BAY PKWY            ","                    ","17330","10080","14330"
"1105697113","DBU9166   ","NY","PAS","20100329","                                                                                 ","20","060","Q    ","F","90-10       ","150TH ST            ","                    ","23290","18140","51090"
"7866183363","BXN8544   ","NY","PAS","20100306","74-Missing Display Plate                                                         ","74","065","NY   ","I","S           ","W 48th St           ","60ft E/of 6th Ave   ","34730","00000","00000"
"7010437099","BXN9720   ","NY","PAS","20100306","16A-No Std (Com Veh) Non-COM                                                     ","16","095","NY   ","F","172         ","E 110th St          ","                    ","19170","24890","10210"
"7969297936","EPF6108   ","NY","PAS","20100330","20-No Parking                                                                    ","20","060","BX   ","I","S           ","Commerce Ave        ","70ft E/of Halsey St ","00000","00000","00000"
"7185315281","BXP2722   ","NY","PAS","20100306","34-Expired Meter                                                       Y015001003","34","035","Q    ","F","44-15       ","47th Ave            ","                    ","10440","10090","10240"
"7156282141","BXP7948   ","NY","PAS","20100305","40-Fire Hydrant                                                        Y015001003","40","115","Q    ","I","W           ","9th St              ","40ft S/of 37th Ave  ","05540","00000","00000"
"7480623665","BXP8968   ","NY","PAS","20100305","21-No Parking (street clean)                                                     ","21","045","Q    ","O","97-44       ","63rd Rd             ","                    ","13140","19040","19090"
"1291946202","EPF6638   ","NY","PAS","20100320","                                                                                 ","46","115","NY   ","F","328         ","W 125 ST            ","                    ","36270","10810","31190"
"1293756271","EPF6740   ","NY","PAS","20100317","                                                                                 ","40","115","NY   ","O","304         ","W 117 ST            ","                    ","36110","10810","25690"
"7151480805","BXR4717   ","NY","PAS","20100306","34-Expired Meter                                                                 ","34","035","Q    ","O","37-36       ","Junction Blvd       ","                    ","51790","08790","08990"
"7793711555","BXR4744   ","NY","PAS","20100305","21-No Parking (street clean)                                                     ","21","045","Q    ","F","111-57      ","43rd Ave            ","                    ","09840","20490","20740"
"1290481830","BXR4927   ","NY","PAS","20100302","                                                                       Y015001003","74","065","Q    ","O","72-08       ","32 AVE              ","                    ","08190","15340","15540"
"7821424791","EPF6939   ","NY","PAS","20100330","37-Expired Muni Meter                                                            ","37","065","NY   ","F","152         ","9th Ave             ","                    ","10910","34150","34170"
"7101914860","BXS1415   ","MI","PAS","20100305","34-Expired Meter                                                       Y015001003","34","035","Q    ","F","24-03       ","Queens Plaza North  ","                    ","36940","07190","07300"
"7692058015","BXS8482   ","NY","PAS","20100305","21-No Parking (street clean)                                                     ","21","045","K    ","F","8922        ","Avenue B            ","                    ","13780","37780","73210"
"7587643163","BXU1475   ","NY","PAS","20100305","14-No Standing                                                                   ","14","115","NY   ","F","30          ","E 38th St           ","                    ","17750","25390","27790"
"1293265433","EPF7399   ","NY","OMS","20100325","                                                                                 ","21","045","NY   ","F","3855        ","BWAY                ","                    ","13610","36970","36990"
"7937350880","BXU2594   ","NY","PAS","20100305","21-No Parking (street clean)                                           Y015001003","21","065","NY   ","F","640         ","E 5th St            ","                    ","17090","16400","12310"
"7655556702","BXU4219   ","NY","PAS","20100305","19-No Stand (bus stop)                                                           ","19","115","NY   ","F","4292        ","Broadway            ","                    ","13610","37390","37410"
"7022022380","BXU4535   ","NY","PAS","20100306","21-No Parking (street clean)                                                     ","21","045","Q    ","F","10827       ","Ascan Ave           ","                    ","28490","54102","28990"
"7267158602","BXU4838   ","NY","PAS","20100305","37-Expired Muni Meter                                                            ","37","065","NY   ","O","185         ","6th Ave             ","                    ","10510","32660","14910"
"7267158614","BXU4838   ","NY","PAS","20100305","37-Expired Muni Meter                                                  Y015001003","37","065","NY   ","F","185         ","6th Ave             ","                    ","10510","32660","14910"
"7832910598","EPF7635   ","NY","OMS","20100330","38-Failure to Display Muni Rec                                                   ","38","065","NY   ","F","369         ","8th Ave             ","                    ","10810","34330","34350"
"7101003813","BXU5189   ","NY","PAS","20100305","37-Expired Muni Meter                                                            ","37","035","Q    ","O","56-13       ","141st St            ","                    ","22740","11640","36400"
"1290340195","BXU5280   ","NY","PAS","20100301","                                                                                 ","21","045","K    ","F","225         ","WOODBINE ST         ","                    ","94130","93530","54100"
"7174668884","BXU5699   ","NY","PAS","20100305","46A-Double Parking (Non-COM)                                                     ","46","115","K    ","F","253         ","86th St             ","                    ","10880","73330","05280"
"7471940311","BXU5981   ","NY","PAS","20100305","40-Fire Hydrant                                                        Y015001003","40","115","Q    ","F","1500        ","Myrtle Ave          ","                    ","56490","40404","40404"
"1284053271","BXU6033   ","NY","PAS","20100301","                                                                       Y015001003","21","045","Q    ","F","91-22       ","118 ST              ","                    ","21140","18290","28890"
"7991324229","EPF7635   ","NY","PAS","20100330","40-Fire Hydrant                                                                  ","40","115","NY   ","I","W           ","St Nicholas Ave     ","60ft S/of W 118th St","31190","00000","00000"
"7909804982","BXU7075   ","NY","PAS","20100306","71A-Insp Sticker Expired (NYS)                                                   ","71","065","NY   ","F","35          ","E 32nd St           ","                    ","17630","25390","27790"
"7100684110","BXU7099   ","NY","PAS","20100306","71A-Insp Sticker Expired (NYS)                                         Y015001003","71","065","Q    ","I","            ","Flushing Lot #1     ","                    ","00000","40404","40404"
"7874574813","EPF7854   ","NY","OMS","20100330","14-No Standing                                                                   ","14","115","NY   ","O","250         ","E 38th St           ","                    ","17750","97740","10110"
"7284264081","BXU7234   ","NY","PAS","20100306","19-No Stand (bus stop)                                                           ","19","115","NY   ","F","53          ","E 79th St           ","                    ","18570","25390","27790"
"7639758233","BXU8261   ","NY","PAS","20100306","20-No Parking                                                                    ","20","060","Q    ","O","17510       ","Henley Rd           ","                    ","49245","42190","51942"
"7639758245","BXU8261   ","NY","PAS","20100306","71A-Insp Sticker Expired (NYS)                                                   ","71","065","Q    ","O","17510       ","Henley Rd           ","                    ","49245","42190","51942"
"7341058456","BXU8455   ","NY","PAS","20100307","71A-Insp Sticker Expired (NYS)                                         Y015001003","71","065","NY   ","F","2231        ","Broadway            ","                    ","13610","35350","35370"
"7505778985","BXU9087   ","NY","PAS","20100305","21-No Parking (street clean)                                           Y015001003","21","045","K    ","I","S           ","50th St             ","10ft W/of 4th Ave   ","09080","00000","00000"
"7141060558","BXU9219   ","NY","PAS","20100307","19-No Stand (bus stop)                                                 Y015001003","19","115","Q    ","F","143-04      ","45th Ave            ","                    ","10140","36590","62630"
"7036804993","BXU9392   ","NY","PAS","20100305","19-No Stand (bus stop)                                                 Y015001003","19","115","Q    ","O","6941        ","Myrtle Ave          ","                    ","56490","14590","14840"
"7830188075","BXV1025   ","NY","PAS","20100306","71A-Insp Sticker Expired (NYS)                                                   ","71","065","NY   ","O","547         ","2nd Ave             ","                    ","10110","17590","17610"
"7916173268","BXV1025   ","NY","PAS","20100306","71A-Insp Sticker Expired (NYS)                                         Y015001003","71","065","NY   ","F","606         ","2nd Ave             ","                    ","10110","17650","17670"
"1289079997","EPF7987   ","NY","OMT","20100324","                                                                                 ","19","115","NY   ","F","618         ","8TH AVE             ","                    ","10810","34550","34570"
"7715330644","EPF8262   ","NY","PAS","20100330","14-No Standing                                                                   ","14","115","NY   ","F","190         ","Columbus Ave        ","                    ","15710","35130","35150"
"7644952019","BXV2361   ","NY","PAS","20100305","61-Wrong Way                                                           Y015001003","61","045","R    ","I","W           ","Stewart Ave         ","30ft N/of Victory Bl","00000","00000","00000"
"7533040454","BXV3081   ","NY","PAS","20100305","21-No Parking (street clean)                                           Y015001003","21","045","K    ","F","78          ","President St        ","                    ","72230","86730","28430"
"7956875614","BXV3290   ","NY","PAS","20100306","34-Expired Meter                                                       Y015001003","34","035","R    ","I","N           ","8th St              ","40ft E/of New Dorp L","00000","00000","00000"
"7229079196","BXV4156   ","NY","PAS","20100305","71A-Insp Sticker Expired (NYS)                                         Y015001003","71","065","K    ","F","6906        ","13th Ave            ","                    ","06380","17380","10030"
"7641063263","BXV4636   ","NY","PAS","20100305","71A-Insp Sticker Expired (NYS)                                                   ","71","065","K    ","F","6614        ","18th Ave            ","                    ","06880","09880","09930"
"1291572790","BXV4718   ","NY","PAS","20100302","                                                                       Y015001003","21","045","     ","F","241         ","REMSEN AVE          ","                    ","73210","37180","93830"
"7357072587","BXV4731   ","NY","PAS","20100305","34-Expired Meter                                                                 ","34","065","NY   ","F","1036        ","3rd Ave             ","                    ","10210","18210","18230"
"7709742403","BXV4815   ","NY","PAS","20100307","40-Fire Hydrant                                                        Y015001003","40","115","NY   ","F","101         ","W 73rd St           ","                    ","35230","15710","11710"
"1291352612","DCA3687   ","NY","999","20100331","                                                                                 ","46","115","Q    ","O","113-18      ","LIBERTY AVE         ","                    ","53790","20640","20740"
"7308653377","BXV5166   ","NY","PAS","20100306","39-Overtime PKG-Time Limt Post                                                   ","39","065","NY   ","O","1865        ","Broadway            ","                    ","13610","34990","35010"
"7976937807","BXV5166   ","NY","PAS","20100305","74-Missing Display Plate                                                         ","74","065","NY   ","O","140         ","E 56th St           ","                    ","18110","24890","10210"
"7176935129","BXV6300   ","NY","PAS","20100305","71A-Insp Sticker Expired (NYS)                                                   ","71","065","R    ","F","2626        ","Hylan Blvd          ","                    ","34100","49975","17730"
"7529095286","BXV6973   ","NY","PAS","20100305","20-No Parking                                                          Y015001003","20","060","K    ","F","175         ","6th St              ","                    ","05730","05130","05280"
"1293127723","EPF9297   ","NY","PAS","20100325","                                                                                 ","14","115","NY   ","O","26          ","LITTLE WEST 12 ST   ","                    ","25020","10910","33390"
"7763669720","BXV7108   ","NY","PAS","20100305","38-Failure to Display Muni Rec                                         Y015001003","38","035","Q    ","O","107-20      ","Queens Blvd         ","                    ","59990","14740","14810"
"7782131236","BXV7165   ","NY","PAS","20100306","71A-Insp Sticker Expired (NYS)                                         Y015001003","71","065","Q    ","I","S           ","22nd Ave            ","20ft W/of 120th St  ","06790","00000","00000"
"7697766954","EPF9455   ","NY","PAS","20100330","34-Expired Meter                                                                 ","34","035","K    ","F","1105        ","Kings Hwy           ","                    ","54050","28830","35330"
"1290735876","BXV7328   ","NY","PAS","20100302","                                                                       Y015001003","19","115","Q    ","O","34-49       ","LINDEN PL           ","                    ","53990","08440","08590"
"7440190877","BXV7967   ","NY","PAS","20100306","34-Expired Meter                                                       Y015001003","34","035","Q    ","F","88-08       ","164th St            ","                    ","24240","49690","18040"
"1292423432","DCC3046   ","NY","PAS","20100331","                                                                                 ","14","115","Q    ","I","            ","                    ","C/O OCEAN FRONT     ","00000","00000","00000"
"7691723350","BXV8342   ","NY","PAS","20100306","34-Expired Meter                                                       Y015001003","34","035","K    ","O","2668        ","Nostrand Ave        ","                    ","67030","14230","14280"
"7549391920","BXV8417   ","NY","PAS","20100305","21-No Parking (street clean)                                           Y015001003","21","045","K    ","F","457         ","Wyona St            ","                    ","94930","19830","34330"
"7438232773","BXV9238   ","NY","PAS","20100305","71A-Insp Sticker Expired (NYS)                                                   ","71","065","Q    ","F","12209       ","Lefferts Blvd       ","                    ","53490","60810","64890"
"7471093079","BXV9604   ","NY","PAS","20100305","21-No Parking (street clean)                                           Y015001003","21","045","Q    ","F","6530        ","Myrtle Ave          ","                    ","56490","13640","13640"
"7217035351","BXV9738   ","NY","PAS","20100306","19-No Stand (bus stop)                                                           ","19","115","K    ","F","6206        ","18th Ave            ","                    ","06880","09680","09730"
"7176934964","BXW1536   ","NY","PAS","20100305","34-Expired Meter                                                       Y015001003","34","035","R    ","I","N           ","9th St              ","65ft E/of New Dorp L","00000","00000","00000"
"1285595312","DCC7501   ","NY","PAS","20100307","                                                                                 ","71","065","Q    ","F","116-18      ","218 ST              ","                    ","26840","20890","53890"
"7697766966","EPF9455   ","NY","PAS","20100330","70A-Reg. Sticker Expired (NYS)                                                   ","70","065","K    ","F","1105        ","Kings Hwy           ","                    ","54050","28830","35330"
"1293632351","EPG2821   ","NY","PAS","20100320","                                                                                 ","20","060","NY   ","F","267         ","W 124 ST            ","                    ","36250","10610","10810"
"7513755280","EPG3233   ","NY","PAS","20100330","51-Sidewalk                                                                      ","51","115","K    ","F","72          ","Anthony St          ","                    ","12685","71830","87730"
"1289454565","BXW1931   ","NY","PAS","20100303","                                                                                 ","40","115","Q    ","F","25-04       ","37 ST               ","                    ","08940","28790","07540"
"7517076530","BXW2656   ","NY","PAS","20100305","21-No Parking (street clean)                                           Y015001003","21","045","K    ","O","475         ","Sackett St          ","                    ","74630","51030","20530"
"7151481100","BXW3563   ","NY","PAS","20100307","51-Sidewalk                                                                      ","51","115","Q    ","F","144-28      ","Barclay Ave         ","                    ","29290","58590","23090"
"7428990683","BXW3669   ","NY","PAS","20100306","71A-Insp Sticker Expired (NYS)                                         Y015001003","71","065","Q    ","O","148-27      ","231st St            ","                    ","27097","23110","41700"
"7653426992","BXW3916   ","NY","PAS","20100305","20-No Parking                                                                    ","20","060","K    ","O","432         ","E 48th St           ","                    ","36930","26230","77930"
"7028001702","BXW4778   ","NY","PAS","20100307","19-No Stand (bus stop)                                                 Y015001003","19","115","Q    ","I","N           ","Austin St           ","5ft W/of 70th Rd    ","28990","00000","00000"
"1285704186","EPG3289   ","NY","PAS","20100327","                                                                                 ","67","165","R    ","O","20          ","DINA CT             ","                    ","25962","70071","70150"
"7638548980","BXW4908   ","NY","PAS","20100307","71A-Insp Sticker Expired (NYS)                                         Y015001003","71","065","Q    ","O","107-31      ","115th St            ","                    ","20840","19990","20240"
"7250167546","EPG3576   ","NY","PAS","20100330","34-Expired Meter                                                                 ","34","035","K    ","F","1782        ","Flatbush Ave        ","                    ","40930","23330","36430"
"7133075726","EPG3680   ","NY","PAS","20100330","38-Failure to Display Muni Rec                                                   ","38","035","Q    ","O","136-48      ","39th Ave            ","                    ","09140","22590","58717"
"7328633451","BXW5025   ","NY","PAS","20100305","71A-Insp Sticker Expired (NYS)                                         Y015001003","71","065","NY   ","F","132         ","W 72nd St           ","                    ","35210","15710","11710"
"7969298138","EPG5732   ","NY","PAS","20100330","34-Expired Meter                                                                 ","34","035","BX   ","O","3865        ","E Tremont Ave       ","                    ","29620","63220","22240"
"1291928996","BXW5623   ","NY","PAS","20100302","                                                                                 ","40","115","Q    ","F","61-61       ","WOODHAVEN BLVD      ","                    ","68090","42870","12790"
"7257487029","EPG6653   ","NY","PAS","20100330","83-Improper Registration                                                         ","83","065","K    ","F","729         ","Quincy St           ","                    ","73050","73190","70030"
"7627436540","EPG8446   ","NY","PAS","20100330","38-Failure to Display Muni Rec                                                   ","38","065","NY   ","F","539         ","Laguardia Pl        ","                    ","44890","13310","33890"
"7274717005","BXW6394   ","NY","PAS","20100306","09-Blocking the Box                                                    Y015001003","09","115","NY   ","X","            ","6th Ave             ","Watts St            ","10510","33590","00000"
"1293762076","EPG9001   ","NY","PAS","20100321","                                                                                 ","40","115","     ","F","2           ","W 77 ST             ","                    ","35310","14510","15710"
"1289622097","BXW6442   ","NY","PAS","20100301","                                                                       Y015001003","21","045","K    ","O","57          ","ST PAUL PL          ","                    ","80830","30530","25130"
"7463407100","EPH1317   ","NY","PAS","20100330","34-Expired Meter                                                                 ","34","035","Q    ","F","88-01       ","Queens Blvd         ","                    ","59990","11540","11640"
"7847441550","BXW6559   ","NY","PAS","20100306","17-No Stand (exc auth veh)                                                       ","17","095","NY   ","I","S           ","E 29th St           ","60ft W/of 1st Ave   ","17570","00000","00000"
"7886980426","EPH2387   ","NY","PAS","20100330","71A-Insp Sticker Expired (NYS)                                                   ","71","065","NY   ","F","361         ","W 51st St           ","                    ","34790","10810","10910"
"1267631466","DCF2461   ","NY","PAS","20100303","                                                                                 ","50","115","NY   ","F","2050        ","8TH AVE             ","                    ","10810","35990","36010"
"7932167772","EPH3043   ","NY","PAS","20100330","09-Blocking the Box                                                              ","09","115","NY   ","X","            ","Delancey St         ","Orchard St          ","16310","27590","00000"
"7944199104","BXW8012   ","NY","PAS","20100307","40-Fire Hydrant                                                                  ","40","115","NY   ","I","N           ","South St            ","30ft W/of Doyers St ","30640","00000","00000"
"7702555221","BXW9689   ","NY","PAS","20100305","71A-Insp Sticker Expired (NYS)                                                   ","71","065","K    ","F","1723        ","E 12th St           ","                    ","35330","54050","14480"
"7709742970","DCF3582   ","NY","PAS","20100309","39-Overtime PKG-Time Limt Post                                                   ","39","065","NY   ","F","1691        ","2nd Ave             ","                    ","10110","18730","18750"
"7702555233","BXW9689   ","NY","PAS","20100305","17-No Stand (exc auth veh)                                             Y015001003","17","095","K    ","F","1723        ","E 12th St           ","                    ","35330","54050","14480"
"7119076152","EPH3075   ","NY","PAS","20100330","34-Expired Meter                                                                 ","34","035","Q    ","F","82-39       ","Broadway            ","                    ","37290","66490","10140"
"1294998304","EPH4040   ","NY","PAS","20100323","                                                                                 ","21","065","NY   ","O","27          ","E 3 ST              ","                    ","17050","13460","10110"
"7643054046","EPH4554   ","NY","PAS","20100330","34-Expired Meter                                                                 ","34","035","Q    ","O","74-20       ","37th Rd             ","                    ","08890","15640","15790"
"7940552764","BXX3235   ","NY","PAS","20100306","71A-Insp Sticker Expired (NYS)                                         Y015001003","71","065","NY   ","F","200         ","E 5th St            ","                    ","17090","16000","10110"
"7645847803","BXX3275   ","NY","PAS","20100305","19-No Stand (bus stop)                                                 Y015001003","19","115","BX   ","F","1306        ","Castle Hill Ave     ","                    ","18520","76950","47720"
"7557860329","EPH5115   ","NY","PAS","20100330","34-Expired Meter                                                                 ","34","035","K    ","F","197         ","Bedford Ave         ","                    ","18630","66330","66230"
"7011231663","EPH6207   ","NY","PAS","20100330","14-No Standing                                                                   ","14","115","NY   ","F","407         ","E 70th St           ","                    ","18390","10010","45590"
"1292936873","EPH6473   ","NY","PAS","20100323","                                                                                 ","11","045","BX   ","I","            ","                    ","35' W/O BOSTON RD   ","00000","00000","00000"
"7106656306","EPH7715   ","NY","PAS","20100330","40-Fire Hydrant                                                                  ","40","115","Q    ","F","5-53        ","48th Ave            ","                    ","10590","05190","66390"
"7731223050","BXX4367   ","NY","PAS","20100305","21-No Parking (street clean)                                           Y015001003","21","045","K    ","F","465         ","8th St              ","                    ","05930","05780","05880"
"7446602740","BXX7393   ","NY","PAS","20100306","19-No Stand (bus stop)                                                           ","19","115","Q    ","O","228-03      ","Linden Blvd         ","                    ","53890","27092","27094"
"1292176283","BXY2442   ","NY","PAS","20100301","                                                                                 ","74","065","Q    ","F","37-71       ","102 ST              ","                    ","19540","08790","09140"
"7551849889","BXY2629   ","NY","PAS","20100306","16A-No Std (Com Veh) Non-COM                                           Y015001003","16","095","K    ","O","199         ","Atlantic Ave        ","                    ","13430","27530","29830"
"7233827989","BXY5032   ","NY","PAS","20100305","21-No Parking (street clean)                                                     ","21","045","K    ","O","1401        ","67th St             ","                    ","09930","06480","06580"
"7109090462","BXY5441   ","NY","PAS","20100305","20-No Parking                                                                    ","20","060","Q    ","O","32-43       ","49th St             ","                    ","10740","57490","57790"
"7644614904","EPH8068   ","NY","PAS","20100330","71A-Insp Sticker Expired (NYS)                                                   ","71","065","Q    ","I","            ","Flushing Lot #1     ","                    ","00000","40404","40404"
"7146309770","BXY6343   ","NY","PAS","20100305","21-No Parking (street clean)                                                     ","21","045","Q    ","I","N           ","24th Ave            ","15ft E/of 87th St   ","07090","00000","00000"
"7127075566","BXY8752   ","NY","PAS","20100305","34-Expired Meter                                                                 ","34","035","Q    ","F","150-03      ","14th Ave            ","                    ","05940","23290","39190"
"7145404163","BX309B    ","NY","PAS","20100305","34-Expired Meter                                                                 ","34","035","Q    ","O","32-01       ","Broadway            ","                    ","37290","08240","08390"
"7688967971","EPH8690   ","NY","PAS","20100330","20-No Parking                                                                    ","20","060","Q    ","O","26-24       ","3rd St              ","                    ","05070","07340","07440"
"7434170323","BYD6707   ","MI","PAS","20100305","21-No Parking (street clean)                                           Y015001003","21","045","Q    ","F","111         ","82nd Rd             ","                    ","16840","28990","52090"
"7898565836","BYG1836   ","NY","PAS","20100305","38-Failure to Display Muni Rec                                                   ","38","065","NY   ","F","201         ","1st Ave             ","                    ","10010","17230","17250"
"7460262973","EPH9430   ","NY","PAS","20100330","34-Expired Meter                                                                 ","34","035","Q    ","F","131-03      ","Liberty Ave         ","                    ","53790","21940","22040"
"7185732311","BYG2791   ","NY","PAS","20100306","20-No Parking                                                                    ","20","060","BX   ","F","1488        ","Hoe Ave             ","                    ","40120","42720","26820"
"7757344797","EPH9590   ","NY","PAS","20100330","34-Expired Meter                                                                 ","34","035","Q    ","O","97-11       ","64th Rd             ","                    ","13440","59990","19090"
"1291568232","EPJ1278   ","NY","PAS","20100325","                                                                                 ","21","045","K    ","F","86          ","E 32 ST             ","                    ","36230","77930","85530"
"7932167760","EPJ2050   ","NY","PAS","20100330","09-Blocking the Box                                                              ","09","115","NY   ","X","            ","Delancey St         ","Orchard St          ","16310","27590","00000"
"7640228839","EPJ2695   ","NY","PAS","20100330","19-No Stand (bus stop)                                                           ","19","115","Q    ","F","132-03      ","Liberty Ave         ","                    ","53790","22040","22120"
"7838207551","BYG5079   ","NY","PAS","20100306","31-No Stand (Com. Mtr. Zone)                                                     ","31","115","NY   ","F","739         ","6th Ave             ","                    ","10510","34250","34270"
"7964529602","EPJ3257   ","PA","PAS","20100330","20-No Parking                                                                    ","20","065","NY   ","F","635         ","E 12th St           ","                    ","17230","12210","12310"
"7203567072","BYG5638   ","NY","PAS","20100305","46A-Double Parking (Non-COM)                                                     ","46","115","K    ","F","513         ","81st St             ","                    ","10630","05580","05680"
"7720895125","EPJ3697   ","NY","PAS","20100330","20-No Parking                                                                    ","20","065","NY   ","O","170         ","Duane St            ","                    ","16850","23190","13113"
"7409072465","BYG6124   ","NY","PAS","20100306","46A-Double Parking (Non-COM)                                           Y015001003","46","115","BX   ","F","5665        ","Broadway            ","                    ","14920","75020","75030"
"7691723258","BYG6702   ","NY","PAS","20100306","71A-Insp Sticker Expired (NYS)                                                   ","71","065","K    ","F","1516        ","E 35th St           ","                    ","36380","41030","14380"
"1291917809","BYG8729   ","NY","PAS","20100301","                                                                                 ","98","095","Q    ","F","110 20      ","68 DR               ","                    ","14290","20390","20590"
"1292166538","BYH1880   ","NY","PAS","20100301","                                                                       Y015001003","71","065","Q    ","I","            ","                    ","C/O 77 ST           ","00000","00000","00000"
"7100691795","EPJ4203   ","NY","PAS","20100330","14-No Standing                                                                   ","14","115","Q    ","I","E           ","102nd St            ","30ft S/of 23rd Ave  ","19540","00000","00000"
"7519442561","EPJ5313   ","NY","PAS","20100330","46A-Double Parking (Non-COM)                                                     ","46","115","K    ","O","360         ","Macon St            ","                    ","58030","83330","55530"
"7466602460","BYH4346   ","NY","PAS","20100305","21-No Parking (street clean)                                                     ","21","045","Q    ","F","8229        ","Grenfell St         ","                    ","48235","16790","28960"
"7317056583","BYH4458   ","NY","PAS","20100306","74-Missing Display Plate                                                         ","74","065","NY   ","O","305         ","W 97th St           ","                    ","35710","44990","29690"
"7780191760","EPJ5575   ","NY","PAS","20100330","37-Expired Muni Meter                                                            ","37","035","BX   ","F","2547-51     ","Bainbridge Ave      ","                    ","10020","29020","20560"
"7616825370","BYH4520   ","NY","PAS","20100306","20-No Parking                                                                    ","20","060","K    ","I","W           ","Bond St             ","80ft S/of Livingston","20530","00000","00000"
"1290954586","DCM6609   ","NY","PAS","20100325","                                                                                 ","21","045","Q    ","O","136-89      ","141 ST              ","                    ","22740","40404","40404"
"7564648375","EPJ5579   ","NY","PAS","20100330","34-Expired Meter                                                                 ","34","035","BX   ","F","3903        ","Dyre Ave            ","                    ","25320","28620","23360"
"1283251620","DCM6950   ","NY","PAS","20100325","                                                                                 ","74","065","Q    ","F","72-05       ","KISSENA BLVD        ","                    ","52390","14890","15290"
"1283760964","BYH4565   ","NY","PAS","20100301","                                                                                 ","21","045","     ","F","876         ","E 34 ST             ","                    ","36330","40230","44430"
"7206257781","BYH4569   ","NY","PAS","20100307","71A-Insp Sticker Expired (NYS)                                         Y015001003","71","065","K    ","O","1717        ","E 15th St           ","                    ","35480","54050","14480"
"7461484692","BYH5620   ","NY","PAS","20100307","70-Reg. Sticker Missing (NYS)                                                    ","70","065","Q    ","F","64-50B      ","188th St            ","                    ","25240","25190","25190"
"7461484709","BYH5620   ","NY","PAS","20100307","74-Missing Display Plate                                                         ","74","065","Q    ","F","64-50B      ","188th St            ","                    ","25240","25190","25190"
"7632539499","BYH6961   ","MI","PAS","20100305","34-Expired Meter                                                                 ","34","035","Q    ","O","92-09       ","Roosevelt Ave       ","                    ","61090","18490","28690"
"7000811821","BYJ1003   ","NY","PAS","20100305","20-No Parking                                                                    ","20","060","Q    ","F","25-25       ","Astoria Blvd        ","                    ","28790","07300","07490"
"7030413179","BYJ2306   ","NY","PAS","20100305","34-Expired Meter                                                                 ","34","035","K    ","F","196         ","Lee Ave             ","                    ","54830","74330","49530"
"7352996424","BYJ5107   ","NY","PAS","20100305","34-Expired Meter                                                                 ","34","065","NY   ","O","1540        ","York Ave            ","                    ","45590","18610","18630"
"7783711911","BYJ5772   ","NY","PAS","20100305","21-No Parking (street clean)                                           Y015001003","21","045","Q    ","F","41-42       ","Forley St           ","                    ","45690","37190","43890"
"7743380208","BYJ6540   ","NY","PAS","20100306","37-Expired Muni Meter                                                            ","37","065","NY   ","F","127         ","4th Ave             ","                    ","10350","17230","17250"
"7995740773","EPJ5656   ","NY","PAS","20100330","40-Fire Hydrant                                                                  ","40","115","NY   ","O","420         ","E 79th St           ","                    ","18570","10010","45590"
"7389494104","BYK6103   ","NY","PAS","20100305","19-No Stand (bus stop)                                                 Y015001003","19","115","BX   ","F","2419        ","Grand Concourse     ","                    ","36420","27270","27300"
"7709305301","BYK8423   ","NY","PAS","20100306","31-No Stand (Com. Mtr. Zone)                                           Y015001003","31","115","NY   ","F","30          ","E 37th St           ","                    ","17730","25390","27790"
"7416226144","BYL2500   ","NY","PAS","20100306","20-No Parking                                                          Y015001003","20","060","BX   ","O","2328        ","Hoffman St          ","                    ","40220","27180","27270"
"7479829693","EPJ5736   ","NY","PAS","20100330","51-Sidewalk                                                                      ","51","115","Q    ","F","5782        ","49th St             ","                    ","10740","54990","35780"
"7709304941","BYL2718   ","NY","PAS","20100305","21-No Parking (street clean)                                           Y015001003","21","045","NY   ","I","S           ","E 118th St          ","20ft E/of 3rd Ave   ","19310","00000","00000"
"7897787102","BYL3197   ","NY","PAS","20100306","38-Failure to Display Muni Rec                                                   ","38","065","NY   ","I","N           ","E 55th St           ","8ft E/of Madison Ave","18090","00000","00000"
"7241375762","EPJ7840   ","NY","PAS","20100330","14-No Standing                                                                   ","14","115","K    ","I","S           ","Harkness Ave        ","45ft E/of Knapp St  ","47260","00000","00000"
"7010436563","BYL4164   ","NY","PAS","20100305","40-Fire Hydrant                                                        Y015001003","40","115","NY   ","O","301         ","E 110th St          ","                    ","19170","10110","10010"
"1292163380","BYM5769   ","NY","PAS","20100302","                                                                       Y015001003","99","065","Q    ","F","34-37       ","97ST                ","                    ","19040","08440","08590"
"7401793623","BYN953    ","VT","PAS","20100305","21-No Parking (street clean)                                                     ","21","045","BX   ","F","2460        ","Belmont Ave         ","                    ","12520","27300","27330"
"7868158578","BYP1414   ","NY","PAS","20100306","17-No Stand (exc auth veh)                                                       ","17","095","NY   ","O","308         ","E 15th St           ","                    ","17290","10110","27110"
"7120761080","BYS4111   ","NY","PAS","20100305","20-No Parking                                                          Y015001003","20","060","Q    ","F","30-55       ","31st St             ","                    ","08140","07790","07840"
"7997354244","BYS4412   ","NY","PAS","20100305","34-Expired Meter                                                                 ","34","035","NY   ","F","65          ","E 99th St           ","                    ","18950","25390","25985"
"7820967547","BYS5495   ","NY","PAS","20100307","71A-Insp Sticker Expired (NYS)                                                   ","71","065","NY   ","F","148         ","Madison Ave         ","                    ","25390","17610","17630"
"7846184027","EPJ9083   ","NY","PAS","20100330","71A-Insp Sticker Expired (NYS)                                                   ","71","065","NY   ","F","1235        ","Broadway            ","                    ","13610","34370","34390"
"7264730220","BYS5940   ","NY","PAS","20100306","20-No Parking                                                                    ","20","065","NY   ","O","9           ","Great Jones St      ","                    ","21705","21700","24390"
"7162651367","BYS7051   ","NY","PAS","20100307","71A-Insp Sticker Expired (NYS)                                                   ","71","065","R    ","F","19          ","Oakville St         ","                    ","41190","19700","48430"
"7241087355","BYS8671   ","NY","PAS","20100305","19-No Stand (bus stop)                                                           ","19","115","K    ","F","2805        ","Ocean Ave           ","                    ","67530","14730","14780"
"7476173028","BYT1141   ","NY","PAS","20100306","38-Failure to Display Muni Rec                                                   ","38","035","Q    ","O","70-00       ","Austin St           ","                    ","28990","14740","14810"
"7358241319","BYT1914   ","NY","PAS","20100305","32A Overtime PKG-Broken Meter                                                    ","32","065","NY   ","F","1591        ","1st Ave             ","                    ","10010","18630","18650"
"1150870345","EPJ9099   ","NY","PAS","20100324","                                                                                 ","20","065","NY   ","F","123         ","RIDGE ST            ","                    ","29590","29890","31490"
"1284059250","EPM3214   ","NY","PAS","20100323","                                                                                 ","21","045","NY   ","F","67-29       ","MYRTLE AVE          ","                    ","56490","14090","14090"
"1281250820","EPM9634   ","NY","PAS","20100326","                                                                                 ","21","045","BX   ","F","72          ","E 190 ST            ","                    ","27360","52120","21820"
"7905427419","BYT5623   ","NY","PAS","20100306","71A-Insp Sticker Expired (NYS)                                         Y015001003","71","065","NY   ","F","33          ","W 46th St           ","                    ","34690","10410","10510"
"7387963680","BYT6736   ","NY","PAS","20100305","37-Expired Muni Meter                                                            ","37","035","BX   ","F","2488        ","Elm Pl              ","                    ","30920","27300","29220"
"7937029092","BYV8781   ","MA","PAS","20100306","37-Expired Muni Meter                                                  Y015001003","37","065","NY   ","O","24          ","Orchard St          ","                    ","27590","14010","22890"
"7185731860","BYW1927   ","NY","PAS","20100305","34-Expired Meter                                                                 ","34","035","BX   ","O","2925        ","Goulden Ave         ","                    ","36060","74870","12225"
"7255484931","BYW3988   ","NY","PAS","20100306","40-Fire Hydrant                                                                  ","40","115","K    ","F","3100        ","Brighton 1st Pl     ","                    ","21480","22680","23030"
"7424743478","BYX5175   ","NY","PAS","20100307","19-No Stand (bus stop)                                                           ","19","115","BX   ","I","E           ","Erskine Pl          ","25ft N/of Hunter Ave","00000","00000","00000"
"7461484230","BYY4071   ","NY","PAS","20100306","71A-Insp Sticker Expired (NYS)                                         Y015001003","71","065","Q    ","I","N           ","76th Ave            ","0ft W/of Hewlett St ","00000","00000","00000"
"7461484242","BYY4071   ","NY","PAS","20100306","50-Crosswalk                                                           Y015001003","50","115","Q    ","I","N           ","76th Ave            ","0ft W/of Hewlett St ","00000","00000","00000"
"7422686054","BYY5447   ","NY","PAS","20100305","46A-Double Parking (Non-COM)                                           Y015001003","46","115","BX   ","O","570         ","Union Ave           ","                    ","70420","26130","26160"
"7143097627","BYZ1092   ","NY","PAS","20100305","20-No Parking                                                          Y015001003","20","060","Q    ","O","42-22       ","Orchard St          ","                    ","58260","50990","41700"
"7020012530","BYZ4369   ","NY","PAS","20100306","14-No Standing                                                                   ","14","115","K    ","O","395         ","Flatbush Ave Exten  ","                    ","00000","40404","40404"
"7145404254","BYZ5048   ","NY","PAS","20100306","34-Expired Meter                                                                 ","34","035","Q    ","F","254-20      ","Northern Blvd       ","                    ","57790","67470","56040"
"7403904205","BYZ5581   ","NY","PAS","20100305","46A-Double Parking (Non-COM)                                                     ","46","115","BX   ","F","1029        ","Hall Pl             ","                    ","37620","26610","26610"
"7209891729","EPM9860   ","NY","PAS","20100330","19-No Stand (bus stop)                                                           ","19","115","K    ","F","5006        ","Avenue D            ","                    ","13880","86630","37030"
"7991314376","BYZ5609   ","NY","PAS","20100305","67-Blocking Ped. Ramp                                                  Y015001003","67","165","NY   ","I","W           ","Morningside Ave     ","0ft S/of W 121st St ","00000","00000","00000"
"7610033078","BYZ6948   ","MI","PAS","20100305","20-No Parking                                                                    ","20","060","BX   ","F","1094        ","Washington Ave      ","                    ","73120","26640","36150"
"7183377659","BYZ7777   ","NY","PAS","20100305","46A-Double Parking (Non-COM)                                           Y015001003","46","115","BX   ","F","1417        ","Grand Concourse     ","                    ","36420","26760","26790"
"7552607221","BYZ8235   ","NY","PAS","20100305","34-Expired Meter                                                       Y015001003","34","035","K    ","F","340         ","Flatbush Ave Exten  ","                    ","00000","40404","40404"
"7702990338","EPN6306   ","NY","PAS","20100330","34-Expired Meter                                                                 ","34","035","K    ","F","2370        ","Coney Island Ave    ","                    ","28830","14580","14630"
"7004821602","EPN6506   ","NY","PAS","20100330","71A-Insp Sticker Expired (NYS)                                                   ","71","065","Q    ","I","            ","Flushing Lot #1     ","                    ","00000","40404","40404"
"7236874814","BYZ9320   ","NY","PAS","20100306","40-Fire Hydrant                                                                  ","40","115","K    ","F","1105        ","Maple St            ","                    ","58530","40404","40404"
"7576996572","BYZ9349   ","NY","PAS","20100305","19-No Stand (bus stop)                                                 Y015001003","19","115","BX   ","F","1410        ","Metropolitan Ave    ","                    ","50750","56890","78820"
"7003610050","BYZ9603   ","NY","PAS","20100307","20-No Parking                                                                    ","20","060","Q    ","I","N           ","Barclay Ave         ","60ft E/of Union St  ","29290","00000","00000"
"7996567128","EPN6706   ","NY","PAS","20100330","46A-Double Parking (Non-COM)                                                     ","46","115","NY   ","F","2077        ","Adam Clayton Powell ","                    ","00000","40404","40404"
"7037603259","BYZ9604   ","NY","PAS","20100305","21-No Parking (street clean)                                           Y015001003","21","065","NY   ","I","N           ","E 89th St           ","20ft E/of York Ave  ","18770","00000","00000"
"7993357792","BY6020    ","NC","PAS","20100306","34-Expired Meter                                                                 ","34","035","NY   ","F","564         ","W 160th St          ","                    ","36970","11710","13610"
"7954941887","EPPF4640  ","NY","PAS","20100330","40-Fire Hydrant                                                                  ","40","115","K    ","F","1245        ","66th St             ","                    ","09880","06280","06380"
"7695769897","BY658U    ","NY","PAS","20100305","34-Expired Meter                                                       Y015001003","34","035","K    ","F","7120        ","13th Ave            ","                    ","06380","10080","10180"
"7976566465","BZA2730   ","NY","PAS","20100306","34-Expired Meter                                                                 ","34","065","NY   ","F","1493        ","1st Ave             ","                    ","10010","18530","18550"
"7022817364","BZA4135   ","NY","PAS","20100307","71A-Insp Sticker Expired (NYS)                                         Y015001003","71","065","BX   ","F","4580A       ","White Plains Rd     ","                    ","77150","52710","28830"
"1284137909","BZA4295   ","NY","PAS","20100301","                                                                       Y015001003","21","045","Q    ","F","2338        ","27 ST               ","                    ","07490","06940","07090"
"1290933996","EPP3524   ","NY","PAS","20100318","                                                                                 ","21","045","NY   ","F","519         ","W 152               ","                    ","00000","40404","40404"
"7186612337","EPP9106   ","NY","PAS","20100330","46A-Double Parking (Non-COM)                                                     ","46","115","NY   ","O","43          ","Division St         ","                    ","16410","13460","25890"
"7847775165","EPP9721   ","NY","PAS","20100330","19-No Stand (bus stop)                                                           ","19","115","NY   ","I","S           ","Madison Ave         ","5ft W/of E 40th St  ","25390","00000","00000"
"1289020590","DCV1017   ","NY","PAS","20100325","                                                                                 ","71","065","NY   ","I","            ","                    ","C/O 149 ST 133 AVE  ","00000","00000","00000"
"7944940849","BZA6306   ","NY","PAS","20100306","40-Fire Hydrant                                                                  ","40","115","NY   ","F","126         ","St Marks Pl         ","                    ","31090","10010","12110"
"7031615770","BZA6701   ","NY","PAS","20100306","19-No Stand (bus stop)                                                           ","19","115","BX   ","F","706         ","E Tremont Ave       ","                    ","29620","22320","20220"
"7007621004","BZA9677   ","NY","PAS","20100305","24-No Parking (exc auth veh)                                           Y015001003","24","060","Q    ","O","139-25      ","35th Ave            ","                    ","08590","65490","58590"
"7343435619","BZC1036   ","NY","PAS","20100305","21-No Parking (street clean)                                                     ","21","045","NY   ","O","54          ","Morningside Dr      ","                    ","26590","36070","36090"
"7194191775","EPR1492   ","NY","PAS","20100330","46A-Double Parking (Non-COM)                                                     ","46","115","BX   ","F","1760        ","Jerome Ave          ","                    ","42820","26910","74480"
"7154695870","BZC2786   ","NY","PAS","20100306","71A-Insp Sticker Expired (NYS)                                                   ","71","065","Q    ","I","W           ","Main St             ","100ft S/of Sanford A","54580","00000","00000"
"7539448854","BZC2919   ","NY","PAS","20100306","40-Fire Hydrant                                                        Y015001003","40","115","K    ","F","5014        ","10th Ave            ","                    ","06080","09080","09130"
"7384157936","EPR1547   ","NY","PAS","20100330","20-No Parking                                                                    ","20","060","BX   ","F","2477        ","Valentine Ave       ","                    ","70720","27300","29220"
"1285308761","BZC3580   ","NY","PAS","20100302","                                                                       Y015001003","83","065","Q    ","O","102-11      ","ALYSTYNE AVE        ","                    ","00000","00000","00000"
"7277121764","BZC6554   ","NY","PAS","20100305","38-Failure to Display Muni Rec                                         Y015001003","38","065","NY   ","F","80          ","Varick St           ","                    ","32685","21690","33590"
"7038813924","BZC6579   ","NY","PAS","20100306","14-No Standing                                                                   ","14","115","NY   ","O","188         ","Ludlow St           ","                    ","25090","31490","19890"
"7154696084","BZC6806   ","NY","PAS","20100306","38-Failure to Display Muni Rec                                                   ","38","035","Q    ","F","41-82       ","Main St             ","                    ","54580","61390","54790"
"7928609393","BZC7124   ","NY","PAS","20100306","21-No Parking (street clean)                                           Y015001003","21","065","NY   ","O","422         ","E 14th St           ","                    ","17270","10010","12110"
"7446983875","BZC7646   ","NY","PAS","20100306","34-Expired Meter                                                       Y015001003","34","035","Q    ","O","166-05      ","89th Ave            ","                    ","18040","55590","24490"
"7944940837","BZC7713   ","NY","PAS","20100306","40-Fire Hydrant                                                        Y015001003","40","115","NY   ","F","35          ","Cooper Sq           ","                    ","16000","17090","17110"
"7007620590","BZC7717   ","NY","PAS","20100305","71A-Insp Sticker Expired (NYS)                                         Y015001003","71","065","Q    ","I","W           ","77th St             ","15ft N/of Astoria Bl","16140","00000","00000"
"7244159626","BZC7887   ","NY","PAS","20100305","68-Not Pkg. Comp. w Psted Sign                                                   ","68","060","K    ","I","W           ","Coney Island Ave    ","36ft N/of Brightwate","28830","00000","00000"
"7257080460","BZC7887   ","NY","PAS","20100306","68-Not Pkg. Comp. w Psted Sign                                                   ","68","060","K    ","I","E           ","Coney Island Ave    ","20ft N/of Brightwate","28830","00000","00000"
"7470693099","BZC7906   ","NY","PAS","20100305","71A-Insp Sticker Expired (NYS)                                         Y015001003","71","065","Q    ","O","13738       ","76th Ave            ","                    ","15840","35780","22710"
"7384157948","EPR1547   ","NY","PAS","20100330","74A-Improperly Displayed Plate                                                   ","74","065","BX   ","F","2477        ","Valentine Ave       ","                    ","70720","27300","29220"
"7521868341","BZC9015   ","NY","PAS","20100305","40-Fire Hydrant                                                                  ","40","115","K    ","F","444         ","Union St            ","                    ","86530","51030","20530"
"7536501572","BZC9705   ","NY","PAS","20100306","37-Expired Muni Meter                                                            ","37","035","K    ","F","107         ","7th Ave             ","                    ","05780","86530","72230"
"7252308054","BZC9715   ","NY","PAS","20100306","34-Expired Meter                                                                 ","34","035","K    ","O","6711        ","Ft Hamilton Pky     ","                    ","42630","09930","09980"
"7463774727","EPR1568   ","NY","PAS","20100330","67-Blocking Ped. Ramp                                                            ","67","165","Q    ","I","N           ","Rockaway Beach Blvd ","2ft E/of Beach 119th","60790","00000","00000"
"7933755320","BZD3286   ","NY","PAS","20100306","09-Blocking the Box                                                    Y015001003","09","115","NY   ","X","            ","Delancey St         ","Orchard St          ","16310","27590","00000"
"7940552867","BZD3286   ","NY","PAS","20100306","37-Expired Muni Meter                                                  Y015001003","37","065","NY   ","F","50          ","3rd Ave             ","                    ","10210","17190","17210"
"7688179737","BZE3792   ","NY","PAS","20100307","20-No Parking                                                          Y015001003","20","060","Q    ","F","132-31      ","41st Ave            ","                    ","09540","39595","54580"
"7244160598","BZE3910   ","MN","PAS","20100307","40-Fire Hydrant                                                                  ","40","115","K    ","F","433         ","E 51st St           ","                    ","37030","26230","77930"
"1285595324","DCY7853   ","NY","PAS","20100306","                                                                                 ","71","065","Q    ","F","115-114     ","224 ST              ","                    ","27040","20830","20890"
"7743380117","BZE4488   ","NY","PAS","20100306","50-Crosswalk                                                                     ","50","115","NY   ","I","W           ","Bowery              ","0ft N/of E 1st St   ","00000","00000","00000"
"7944940370","BZE4695   ","NY","PAS","20100305","74A-Improperly Displayed Plate                                                   ","74","065","NY   ","I","            ","Broome and Ludlow Lo","                    ","00000","40404","40404"
"7727274161","EPR314    ","VT","PAS","20100330","34-Expired Meter                                                                 ","34","035","K    ","O","446A        ","Myrtle Ave          ","                    ","63030","90130","89730"
"7947026762","BZE6006   ","MI","PAS","20100305","17-No Stand (exc auth veh)                                                       ","17","095","NY   ","O","46-50       ","Rivington St        ","                    ","29890","20640","20090"
"7357072575","BZE7923   ","NY","PAS","20100305","34-Expired Meter                                                                 ","34","065","NY   ","F","1040        ","3rd Ave             ","                    ","10210","18210","18230"
"7203567357","BZE8766   ","NY","PAS","20100306","71A-Insp Sticker Expired (NYS)                                                   ","71","065","K    ","F","539         ","81st St             ","                    ","10630","05580","05680"
"7998141785","BZF1302   ","MI","PAS","20100305","21-No Parking (street clean)                                           Y015001003","21","045","NY   ","F","335         ","Edgecombe Ave       ","                    ","19990","36670","36770"
"7187416763","EPR4371   ","NY","PAS","20100330","38-Failure to Display Muni Rec                                                   ","38","065","NY   ","O","306         ","E 6th St            ","                    ","17110","10110","10010"
"7879015243","BZF1378   ","NY","PAS","20100307","71A-Insp Sticker Expired (NYS)                                         Y015001003","71","065","NY   ","F","300         ","Madison Ave         ","                    ","25390","17810","17830"
"7985691789","BZF2327   ","NY","PAS","20100306","14-No Standing                                                         Y015001003","14","115","NY   ","F","72-74       ","E 13th St           ","                    ","17250","13610","10350"
"7218961496","BZF3102   ","NY","PAS","20100305","14-No Standing                                                                   ","14","115","K    ","O","1002        ","Quentin Rd          ","                    ","73030","35230","28830"
"7201492615","BZF4705   ","NY","PAS","20100305","14-No Standing                                                                   ","14","115","K    ","O","2415        ","Coyle St            ","                    ","30130","14780","14830"
"7972489830","BZF4941   ","NY","PAS","20100305","37-Expired Muni Meter                                                            ","37","065","NY   ","F","273         ","Columbus Ave        ","                    ","15710","35210","35230"
"7476986921","BZF5788   ","NY","PAS","20100306","34-Expired Meter                                                                 ","34","035","Q    ","F","83-06       ","Austin St           ","                    ","28990","53490","17130"
"1293012683","DDF3972   ","99","PAS","20100328","                                                                                 ","19","115","Q    ","F","219-02      ","LINDEN BLVD         ","                    ","53890","26850","26860"
"7444250121","BZF6777   ","NY","PAS","20100306","34-Expired Meter                                                       Y015001003","34","035","Q    ","F","89-12       ","164th St            ","                    ","24240","18040","51090"
"7041610081","BZF8049   ","NY","PAS","20100305","71A-Insp Sticker Expired (NYS)                                                   ","71","065","BX   ","O","1489        ","Blondell Ave        ","                    ","13220","19200","29820"
"7954935772","BZF9840   ","NY","PAS","20100307","46A-Double Parking (Non-COM)                                           Y015001003","46","115","K    ","F","313         ","82nd St             ","                    ","10680","05280","05430"
"7529408380","BZG1531   ","NY","PAS","20100306","34-Expired Meter                                                                 ","34","035","K    ","O","170         ","Joralemon St        ","                    ","53830","27530","29830"
"7526204052","BZG2849   ","NY","PAS","20100305","21-No Parking (street clean)                                           Y015001003","21","045","K    ","F","102         ","Penn St             ","                    ","70230","95030","18630"
"7241087252","BZG4617   ","NY","PAS","20100305","40-Fire Hydrant                                                        Y015001003","40","115","K    ","I","N           ","86th St             ","95ft E/of Bay 14th S","10880","00000","00000"
"7211549385","BZG4694   ","NY","PAS","20100305","24-No Parking (exc auth veh)                                                     ","24","060","K    ","O","766         ","Wortman Ave         ","                    ","94630","48430","13630"
"7029621785","BZG4975   ","NY","PAS","20100307","40-Fire Hydrant                                                                  ","40","115","K    ","F","1460        ","E 13th St           ","                    ","35380","14280","14330"
"7990503566","BZG5603   ","NY","PAS","20100305","37-Expired Muni Meter                                                            ","37","035","NY   ","O","105         ","W 125th St          ","                    ","36270","24690","10610"
"7205066736","BZG5691   ","NY","PAS","20100306","20-No Parking                                                          Y015001003","20","060","K    ","O","43          ","Schermerhorn St     ","                    ","75530","27530","29830"
"7252307943","BZG5815   ","NY","PAS","20100305","34-Expired Meter                                                                 ","34","035","K    ","F","8214        ","5th Ave             ","                    ","05580","10680","10730"
"7387963551","BZG5999   ","NY","PAS","20100305","34-Expired Meter                                                       Y015001003","34","035","BX   ","F","2429        ","Valentine Ave       ","                    ","70720","27270","27300"
"7505779539","BZG6155   ","NY","PAS","20100306","34-Expired Meter                                                       Y015001003","34","035","K    ","F","149         ","Pierrepont St       ","                    ","70430","27530","18950"
"7548535284","BZG6542   ","NY","PAS","20100305","21-No Parking (street clean)                                           Y015001003","21","045","K    ","O","151         ","Rodney St           ","                    ","73570","18630","54830"
"7109552913","BZG7163   ","NY","PAS","20100306","21-No Parking (street clean)                                                     ","21","045","Q    ","O","30-36       ","Steinway St         ","                    ","64290","07790","07990"
"7254261910","BZG8816   ","NY","PAS","20100305","21-No Parking (street clean)                                           Y015001003","21","045","K    ","O","247         ","Varet St            ","                    ","87630","92670","20230"
"7813381828","BZG9819   ","NY","PAS","20100306","34-Expired Meter                                                       Y015001003","34","035","Q    ","O","40-10       ","31st Ave            ","                    ","07990","64290","09640"
"7459849900","BZH1690   ","NY","PAS","20100306","20-No Parking                                                          Y015001003","20","060","Q    ","I","S           ","Metropolitan Ave    ","20ft E/of 131st St  ","55690","00000","00000"
"7459849698","BZH2076   ","NY","PAS","20100306","71A-Insp Sticker Expired (NYS)                                                   ","71","065","Q    ","F","101-25      ","123rd St            ","                    ","21540","19340","19590"
"7003223831","BZH2540   ","NY","PAS","20100305","34-Expired Meter                                                       Y015001003","34","035","Q    ","F","40-01       ","75th St             ","                    ","15790","61090","37290"
"7729313273","BZH2945   ","NY","PAS","20100305","21-No Parking (street clean)                                           Y015001003","21","045","K    ","O","63          ","Grove St            ","                    ","46230","23930","18950"
"7692058155","BZH3112   ","NY","PAS","20100305","46A-Double Parking (Non-COM)                                                     ","46","115","K    ","F","855         ","Utica Ave           ","                    ","86630","56230","26230"
"7905427535","BZH3211   ","NY","PAS","20100307","14-No Standing                                                                   ","14","115","NY   ","F","12          ","E 49th St           ","                    ","17970","10410","25390"
"7531403195","BZH3301   ","NY","PAS","20100305","16A-No Std (Com Veh) Non-COM                                                     ","16","095","K    ","O","78          ","Willoughby St       ","                    ","93250","54650","21130"
"1293012737","DDG6021   ","NY","PAS","20100328","                                                                                 ","40","115","Q    ","I","            ","                    ","S/W C/O 219 ST      ","00000","00000","00000"
"7551024270","BZH4209   ","NY","PAS","20100305","21-No Parking (street clean)                                                     ","21","045","K    ","F","808         ","Halsey St           ","                    ","46730","73110","50930"
"7990069854","BZH4644   ","NY","PAS","20100305","14-No Standing                                                                   ","14","115","NY   ","O","1221        ","York Ave            ","                    ","45590","18290","18310"
"7822876818","BZH4801   ","NY","PAS","20100307","13-No Stand (taxi stand)                                               Y015001003","13","115","NY   ","O","458         ","7th Ave             ","                    ","10610","34450","34470"
"7154178528","BZH7576   ","NY","PAS","20100306","34-Expired Meter                                                                 ","34","035","Q    ","F","40-13       ","30th Ave            ","                    ","07790","57490","09640"
"7957675750","BZH7701   ","NY","PAS","20100305","71A-Insp Sticker Expired (NYS)                                         Y015001003","71","065","R    ","F","2724        ","Hylan Blvd          ","                    ","34100","15320","43935"
"7338299869","BZH8572   ","NY","PAS","20100306","37-Expired Muni Meter                                                            ","37","065","NY   ","O","1111        ","Madison Ave         ","                    ","25390","18650","18670"
"7549391932","BZH8677   ","NY","PAS","20100305","46A-Double Parking (Non-COM)                                                     ","46","115","K    ","F","446         ","Wyona St            ","                    ","94930","19830","34330"
"7472694812","BZH8830   ","NY","PAS","20100306","71A-Insp Sticker Expired (NYS)                                                   ","71","065","Q    ","F","18419       ","Midland Pky         ","                    ","55890","51960","39000"
"7217035223","BZH8873   ","NY","PAS","20100305","71A-Insp Sticker Expired (NYS)                                         Y015001003","71","065","K    ","I","            ","Other-See Comments  ","Bay Ridge Lot       ","00000","00000","00000"
"7100684420","BZJ1522   ","NY","PAS","20100307","71A-Insp Sticker Expired (NYS)                                         Y015001003","71","065","Q    ","I","            ","Bayside Lot         ","                    ","29750","40404","40404"
"7100684432","BZJ1522   ","NY","PAS","20100307","17-No Stand (exc auth veh)                                                       ","17","095","Q    ","I","            ","Bayside Lot         ","                    ","29750","40404","40404"
"7190152829","BZJ1556   ","NY","PAS","20100305","37-Expired Muni Meter                                                            ","37","065","NY   ","F","8           ","Mott St             ","                    ","26790","14930","27990"